{
    "embedding_units": 703,
    "lstm_units": 128,
    "dense_units": 682,
    "dropout_rate": 0.1484238483542357,
    "_accuracy": 0.3310765326023102
}